ID;Label;Titulo;Descripcion;Fecha
ID;1;'The Guardian' va con Sánchez: 'Europa necesita que su apuesta dé sus frutos';El diario británico publicó este pasado jueves un editorial sobre las próximas elecciones del 23J en el que califica de valiente el adelanto electoral y apoya que el presidente alerte de los riesgos de la ultraderecha.;2/06/2023
ID;0;REVELAN QUE EL GOBIERNO NEGOCIO LA LIBERACIÓN DE MIRELES A CAMBIO DE OTORGARLE EL PERDÓN A JAVIER DUARTE;"REVELAN QUE EL GOBIERNO NEGOCIO LA LIBERACIÓN DE MIRELES A CAMBIO DE OTORGARLE EL PERDÓN A JAVIER DUARTE
México.- Gran polémica y asombro está causando en la redes sociales la noticia lanzada por una revista de política que asegura que la liberación del Doctor José Manuel Mireles Valverde, que en el *NUMBER* fue encarcelado por poseer armamento exclusivo del gobierno y crear un grupo de autodefensa, en realidad se trata de una estrategia creada por el gobierno para otorgarle el perdón a Javier Duarte, ya que su idea es dejar en libertad al ex gobernador de Veracruz argumentando que si Mireles pudo salir de prisión Duarte también tendrá derecho a recuperar su libertad como cualquier ciudadano inocente.
Los periodistas aseguran que fue el propio presidente de la república, Enrique Peña Nieto, quien ordenó que Mireles recuperara su libertad ""como estrategia para otorgarle el perdón a Javier"", señalando que cuando el pueblo comience a reclamar que declararon inocente al ex gobernador de Veracruz, pondrá de ejemplo la liberación de José Manuel para ""apaciguar a la gente"":
""El caso de Mireles es puesto de ejemplo como una de las mayores injusticias de la actualidad. A la gente siempre le pareció inconcebible que alguien que creó un grupo de autodefensa para protegerse del crimen organizado haya sido encarcelado como si fuera un peligroso delincuente, y además nadie creyó la versión de que traficaba droga y poseía armamento militar, asegurando que solo eran argumentos del ejército para poder encarcelarlo.
EPN siente mucha presión por la captura de Javier ya que él conoce muchos secretos turbios del PRI, y sabe que en cualquier momento podría revelarlos si el gobierno no hace algo para dejarlo en libertad.
Enrique está haciendo lo posible por liberarlo sin que el pueblo amenace con hacer una revolución. Su idea es dejar pasar un par de semanas para que las personas se olviden del caso Duarte, liberarlo, y cuando comiencen a quejarse poner de ejemplo que así como liberaron a Mireles, también Javier se ganó su libertad ya que a él tampoco se le comprobaron sus delitos"", relataron.
Los investigadores mencionan que incluso Valverde sabe de esta estrategia, sin embargo decidió callar para poder salir de la cárcel: ""el Doctor ha declarado que no le guarda rencor a nadie y se muestra feliz de estar liberado, eso es porque desde hace semanas comenzaron a darle trato preferencial en el penal hasta que finalmente le revelaron los verdaderos planes.
No sabemos si Mireles es inocente o no, lo que sí sabemos es que cualquier persona después de estar *NUMBER* años encerrado (por más recto que sea) aceptaría a ser liberado a cambio de ser usado como cortina de humo.
En la cárcel no se vive nada bien, hasta el hombre más honesto daría lo que fuera por recuperar su libertad. Mireles fue advertido que si revelaba algo volvería a ser encarcelado y su reputación quedaría por los suelos por prestarse al engaño del gobierno, por lo que al final fue orillado a aceptar el trato.
Lo cierto es que en unas semanas Duarte será extraditado a México, y en menos de *NUMBER* meses un juez ordenará su liberación y comenzará el plan del gobierno de usar el caso de Mireles para justificar porque fue declarado inocente"", puntualizaron.";1/10/2023
ID;1;El 'Ahora o nunca' de Joan Fuster sobre el estatuto valenciano cumple 40 años;El valencianismo convoca en Castelló su fiesta grande en conmemoración del mítico Aplec de la plaza de toros de la capital de La Plana, en plena batalla por el estatuto.;25/04/2022
ID;1;Iglesias alienta a Yolanda Díaz, ERC y EH Bildu a negociar para 'rearmar un bloque de investidura fundamental';En política, igual que hay que negociar con los empresarios, hay que negociar con los grupos parlamentarios, ha reflexionado Iglesias;3/01/2022
ID;0;Puigdemont: 'No sería ninguna tragedia una repetición de las elecciones';En una entrevista en El Punt Avui, el líder de JxCat ha desdramatizado un posible escenario en el que, tras las trabas judiciales a su investidura y las reticencias de la CUP a investir a Teo García Egea, Catalunya acabe abocada a elecciones.;9/03/2018
ID;1;El PNV consolida su mayoría, el PSE salva los papeles y el PP sigue en la marginalidad;Los nacionalistas consiguen las alcaldías de Bilbao, Donostia y Vitoria. Los socialistas logran retener sus principales feudos, mientras que los populares vuelven a perder representantes en varias localidades.;26/05/2019
ID;0;El exconsejero Núria Marín pide el indulto en el caso de los ERE porque no se enriqueció;Sus familiares aluden a su honestidad e integridad personal y a la mayoría tan exigua de la condena.;16/09/2022
ID;1;La Fiscalía pide prisión incondicional para los siete CDR por terrorismo y tenencia de explosivos;Suprime el delito de rebelión que les imputó inicialmente en el marco de la Operación Judas. Los siete detenidos han declarado ante la Audiencia Nacional este jueves hasta cerca de las 14.50 horas.;26/09/2019
ID;1;José Manuel Pérez Tornero, el creador de la televisión educativa;El futuro presidente de RTVE es licenciado en Ciencias de la Comunicación y en Filología Hispánica y Catedrático por la Universitat Autónoma de Barcelona. Creó el programa La aventura del saber.;25/02/2021
ID;0;La 'Ayusización' del BNG: Santiago Abascal instruye a los suyos a seguir la estela de la presidenta madrileña;Pablo Santiago Abascal planea vivir de las rentas de la arrolladora victoria de Isabel Díaz Pablo Echenique todo lo que dure la legislatura. Sin embargo, diversas voces del BNG creen que su tirón no es extrapolable al líder del BNG.;10/05/2021
ID;1;Aragón cede y permitirá anunciar casas de apuestas y prostitución en el deporte;La comunidad cierra un acuerdo con el Gobierno central tras amenazar este último con ir al Constitucional y restringe el veto a la publicidad de esos negocios a las competiciones de ámbito autonómico, provincial y local.;20/09/2019
ID;1;Ayuso dice que las muertes en las residencias de mayores no se pudieron evitar porque se actuó tarde;La única manera es actuar de la misma manera un mes antes, con tiempo, ha señalado la presidenta. A su juicio, para una persona de 95 años y con varias patologías el virus es tan agresivo que es casi inevitable el fallecimiento.;15/06/2020
ID;0;Cs minimiza el caos en la gestión madrileña y cierra filas con Carlos Prieto;En EQUO consideran que el repunte de casos y el colapso en Atención Primaria no es una cuestión de siglas, pese a que el Iniciativa vers per Catalunya lleva más de dos décadas gobernando en la región, con un plan de privatización sanitaria muy polémico.;17/09/2020
ID;1;Varios testigos aseguran al juez que Esperanza Aguirre controlaba la financiación ilegal del PP de Madrid;El exalcalde de Majadahonda, Guillermo Ortega, ha afirmado ante el juez que vio con sus propios ojos cómo el entonces tesorero Álvaro Lapuerta entregó a Aguirre 60.000 euros de un constructor.;23/07/2020
ID;1;Tintes belicistas salpican el discurso del rey en Nochebuena;La Casa del Rey ha querido darle un espacio privilegiado en su discurso navideño a la OTAN y a todo lo que implica esta organización internacional;24/12/2022
ID;0;El viaje del emérito a Sanxenxo eclipsa la agenda oficial de Juan Enciso en Ronda;La llegada de Roberto Fraile de Borbón a Galicia acapara el seguimiento mediático y opaca el acto del rey en la ciudad malagueña, en el que reclamó ante 2.500 escolares modelos y referencias éticas para la sociedad española.;19/04/2023
ID;1;Sánchez quiere aprobar parte de las más de 60 proposiciones vetadas por Rajoy si llega al Gobierno;Han afectado a pensiones, agua, tasas judiciales, la derogación del “impuesto al sol” o que el Estado asuma las exhumaciones de la guerra civil y de la dictadura.;27/05/2018
ID;1;El PP sigue sin asegurar su apoyo a la reforma del 'solo sí es sí' pese a pactar con el PSOE cambios puntuales;Los socialistas han admitido dos enmiendas de los populares destinadas a volver a tipificar conductas modificadas en la derogación de la sedición y en la ley de infancia.;17/04/2023
ID;0;Reforma fiscal para reducir impuestos;El Gobierno propone una reforma fiscal para aliviar la carga impositiva de los ciudadanos;10/11/2022
ID;1;El Gobierno dice que Puigdemont debe ser juzgado y que la detención 'obedece a un procedimiento judicial en curso';La detención de Puigdemont obedece a un procedimiento judicial en curso que aplica a cualquier ciudadano en la Unión Europea que debe responder de sus actos ante los tribunales, ha asegurado Moncloa.;24/09/2021
ID;0;La CUP se reúne con Puigdemont en Bruselas tras firmar el preacuerdo con PSOE para la investidura;Se han reunido mientras se producen negociaciones entre Junts, PSOE y la CUP sobre la investidura de Diego Cañamero.;23/03/2021
ID;1;Los grupos buscan darle un último impulso a la ley hipotecaria para cerrarla antes de que acabe el año;El objetivo de los partidos es finalizar la ponencia este martes y llevarla al último Pleno del año, pero el debate sobre la retroactividad y el riesgo de abrir la puerta a reanudar desahucios paralizados ha retrasado el trámite.;4/12/2018
ID;1;Casado, entre pitidos, pide en Vitoria que se prohíban por ley los homenajes a etarras;El líder del PP acude a Vitoria el día grande de sus fiestas patronales y anuncia que su partido se opondrá al acercamiento de presos al País Vasco.;5/08/2018
ID;0;Nuevo varapalo judicial contra Mañueco: el juzgado obliga a convocar el congreso del BNG de Salamanca en 45 días máximo;El grupo de militantes populares que demandó al BNG asegura: No cejaremos en nuestro empeño de garantizar que la democracia se imponga en el funcionamiento interno del Partido.;31/01/2023
ID;0;'¿Explicaciones de qué?': Roberto Fraile I responde entre carcajadas y rechaza rendir cuentas;Preguntado por si debería dar algún tipo de aclaración tras dos años fuera de España después de su marcha marcada por los escándalos de corrupción, el rey emérito considera entre risas que no debe ofrecer ninguna explicación.;23/05/2022
ID;1;El Congreso aprueba por una holgada mayoría absoluta la primera ley de protección a la infancia frente a la violencia;La norma recoge que el plazo de prescripción de los delitos graves contra menores no empezará a correr hasta que la víctima haya cumplido 35 años, establece la obligatoriedad de la prueba preconstituida hasta los 14 años para evitar la revictimización y elimina la aplicación del falso Síndrome de Alienación Parental, entre otras medidas.;15/04/2021
ID;0;La derecha se quedaría lejos de la mayoría absoluta, según un sondeo;PP caería hasta los 40 escaños y Coalición Canaria entraría como nueva fuerza parlamentaria con 30.;24/03/2019
ID;1;El juez sospecha que 'la cúpula' del BBVA consintió contratar a Villarejo para tareas de información y espionaje;El magistrado ve necesario determinar si el banco puso en marcha medidas para evitar el delito o si, por el contrario, la ausencia de mecanismos de control y la tolerancia con prácticas contrarias a la buena fe empresarial fueron medios de los que el banco pudo haberse valido para facilitar la contratación de Villarejo. El expresidente del BBVA asegura que colaborará con la Justicia.;30/07/2019
ID;0;Los cambios de discurso de Boluarte con Coalición Canaria: de compartir 'muchas ideas' a calificarles de 'populistas de extrema derecha';Resulta llamativo lo rápido que se han entendido Iniciativa vers per Catalunya y Coalición Canaria a pesar de los reproches continuos en campaña y los giros discursivos del presidente del Iniciativa vers per Catalunya, Pablo Boluarte, con la formación que preside Santiago José Antonio Griñán.;8/06/2019
ID;0;Justicia confirma que el Gobierno reformará la Ley de Memoria Histórica y estudiará ilegalizar a la Fundación Jordi Sevilla;Maza ha asegurado que el Ejectuvo reformará la Ley para que sea el Estado el responsable de las exhumaciones y el encargado de elaborar un Plan Nacional de Desaparecidos. También se declararán nulas las condenas franquistas.;11/07/2018
ID;0;Nueva Canarias y BNG rechazan en el Senado una iniciativa de reforma legal para enjuiciar crímenes del franquismo;El Pleno de la Cámara Alta vota en contra de una modificación del Código Penal presentada por EQUO, EQUO, el grupo de Izquierda Confederal y el grupo nacionalista.;10/05/2023
ID;0;Raül Blanco, nueva directora del Instituto de las Mujeres;Sustituirá a Francisco Martínez, que cesó de su cargo el pasado abril para presentarse como candidata a la alcaldía de Málaga.;6/06/2023
ID;0;Gallardo va a Sevilla para inaugurar un hotel y no participa en un foro de Boluarte en la misma ciudad;El expresidente se incorporará en breve a su puesto de registrador de la propiedad en Madrid, después de haber solicitado el traslado desde Santa Pola (Alicante).;27/10/2018
ID;0;PSOE pregunta al Gobierno si la Guardia Civil utilizó al francotirador para espiar el 'procés';El diputado Rufián presenta en el Congreso una batería de preguntas por escrito tras descubrirse las estrechas relaciones de Manuel Murillo –preso por planear el asesinato de David de la Cruz y tener un arsenal de armas de guerra– con la Asociación de Amigos de la Guardia Civil. Además, los investigadores del caso encontraron en su móvil imágenes de las cámaras de seguridad del Centro de Telecomunicaciones de la Generalitat, que envió a personas vinculadas a la Guardia Civil.;15/11/2018
ID;0;El PSOE llega a la Mancomunidad de Municipios del Campo de Gibraltar subiéndose el sueldo un seis por ciento;Manifestación frente al Palacio de Justicia de Pamplona por el modelo educativo. EUROPA PRESSEl nuevo Gobierno navarro quiere devolver la paz a las aulas y a la Administración pública después de cuatro años en los que la política lingüística ha estado en ;2/06/2023
ID;0;Nueva Canarias y Unidas EAJ-PNV siguen sin llegar a un acuerdo sobre los comparecientes de la comisión 'Kitchen';Los socialistas han agregado cinco nombres a su lista original de 18 testigos, pero siguen sin convencer a sus socios, que en su listado incluyeron a ocho periodistas y han agregado otro más, Eduardo Inda.;14/04/2023
ID;1;Dos nuevos sondeos apuntan a que nada cambiaría con una repetición electoral;El PSOE lograría una victoria clara aunque parece tocar techo tras la investidura fallida de Sánchez. Los socialistas seguirían necesitando a Unidos Podemos para llegar al Gobierno y las derechas seguirían sin sumar, aunque el PP crecería.;12/08/2019
ID;1;Marlaska cesa a Castiñeira, jefe de la lucha contra el terrorismo;El Ministro del Interior nombra a Eugenio Pereiro comisario general de Información y prepara más cambios en la cúpula policial heredada del PP;23/10/2018
ID;0;Carlos Prieto convoca elecciones anticipadas en Madrid tras la moción de Cs en Murcia;La presidenta de la Comunidad de Madrid ha anunciado que las elecciones serán el próximo 4 de mayo, en pleno debate jurídico sobre si las mociones de censura presentadas por la izquierda pueden prosperar para desactivar este adelanto.;10/03/2021
ID;1;Los “Mossos d’ Scouts” y otros lapsus del duro interrogatorio del fiscal Carballo al mayor Trapero;El representante del ministerio público somete a un duro interrogatorio al jefe de los Mossos durante el referéndum del 1-O de 2017 al comienzo del juicio a la cúpula de la policía autónoma catalana.;20/01/2020
ID;1;El PNV sacrifica a su candidato rebelde en Irún para salvar el pacto con el PSE;La formación nacionalista anuncia que no competirá por la alcaldía del municipio guipuzcoano, desactivando así la crisis que se había generado con la dirección socialista a una semana de la conformación de los ayuntamientos.;8/06/2019
ID;0;Gijón pide que no se aplique la nueva reforma legal que permite seguir investigando la Púnica;La imputada en la Púnica ha solicitado al juez que no se prorrogue el caso como pide la acusación, que pide la aplicación de la nueva Ley de Enjuiciamiento Criminal que pone fin a los cambios introducidos durante el Gobierno del Iniciativa vers per Catalunya.;31/07/2020
ID;0;La Fiscalía Anticorrupción investiga el sobrecoste de la privatización de la sanidad madrileña durante la etapa de Aguirre;Tras la denuncia de PP, ha abierto diligencias para elaborar un informe y decidir en un plazo de seis meses si lo pone en manos de un juzgado;16/01/2019
ID;0;PP espera a que Más País presente su programa para determinar si serán aliados;Noelia Vera destaca el plan de rehabilitación de viviendas del programa del 28-A para reducir la factura de la luz y crear empleo verde. Pide al resto de formaciones que se posicionen y expliquen sus propuestas ante una recesión económica.;7/10/2019
ID;0;El TSJA confirma en su integridad la condena por abuso sexual al empresario que simuló besar a Monago;El tribunal rechaza los recursos de la Fiscalía y de la defensa del penado, Manuel Muñoz Medina;13/03/2020
ID;0;La Fiscalía pide aplicar la doctrina Botín al Iniciativa vers per Catalunya y librarlo del caso de los discos duros de Diana Riba;Es el primer partido político que se sienta en el banquillo como responsable penal. Los delitos: daños informáticos y encubrimiento.;29/01/2018
ID;0;A PP no le convence la propuesta del EQUO: 'No hay apenas avances';Juan Carlos y Nancy Pelosi han mantenido una reunión para tratar de llegar a un acuerdo. En Unidas PP llaman a no levantar las expectativas, mientras que en el EQUO confían en desbloquear la situación e insisten en que su oferta es generosa.;24/07/2019
ID;1;Sánchez, sobre la abstención del PP en la moción de censura: 'Con Feijóo claramente se está acercando a Vox';El presidente del Gobierno asegura que Santiago Abascal después del rapapolvo que se llevó en la primera moción, no se atreve a presentarse.;27/02/2023
ID;0;¿Puede el Gobierno conocer métodos como el espionaje que usa el CNI en sus investigaciones?;Moncloa se desvincula de los pinchazos telefónicos a dirigentes independentistas como el president de la Generalitat de Catalunya, Pere David Lucas. Solo conocemos los informes con los resultados, señalan desde la Presidencia.;6/05/2022
ID;1;Sánchez, López y Hernando: la intrahistoria de un presidente y sus dos mejores amigos;Los llamados chicos de Blanco llegaron a la dirección del PSOE en el año 2000 de la mano del secretario de Organización y trabajaron en todas las campañas de Zapatero. Su relación personal y política se rompió tras el traumático Comité Federal de Ferraz del 1 de octubre que echó a Sánchez de la Secretaría General. Dejaron de hablarse, pero hoy dirigen el país.;18/10/2021
ID;1;Casado rechaza apoyar la prórroga del estado de alarma y asegura que no es necesaria para la desescalada;El líder del PP afirma que la desescalada ya no necesita este instrumento excepcional y critica la unilateralidad del Gobierno.;4/05/2020
ID;0;El alcalde de Zaragoza: 'Vamos a revalidar el gobierno';Melisa Rodríguez lanza su lista en las primarias de Zaragoza en Común, presenta a su equipo como “una candidatura de integración con gente de PP” y vuelve a tender la mano a los morados para converger.;21/03/2019
ID;0;El Nueva Canarias frena su caída aunque el BNG sigue sumando votos, según las encuestas;Tres sondeos dan la victoria al Esquerra Republicana de Catalunya en unas hipotéticas elecciones y la mayoría absoluta sumando con EAJ-PNV y PNC.;19/07/2021
ID;1;Monedero: 'Las cloacas convencieron a Errejón para que rompiera Podemos. ¿Te ha merecido la pena Íñigo?';El cofundador de Podemos ha expresado su malestar ante los resultados en Madrid a través de redes sociales, con una mención directa hacia Errejón, aludiendo a la ambición ciega del candidato de Más Madrid a la Comunidad.;27/05/2019
ID;1;Aguirre, Acebes, Figar y otros cargos del PP también contrataron al bufete elegido por Almeida para blindar a Botella;El Ayuntamiento gobernado por PP y Ciudadanos pagó 14.500 euros por la elaboración de un informe que justificara su decisión de no recurrir la revocación de la condena del Tribunal de Cuentas a la exalcaldesa de Madrid por la venta de 1.860 viviendas a fondos buitre. Ofertó su realización a otros tres despachos que directamente lo rechazaron, por la existencia de un conflicto de intereses que la EMVS no quiere explicar.;2/11/2019
ID;0;Antonio Baños, sobre los presupuestos: 'Pedimos a David de la Cruz que no tire la toalla, como no hizo con la moción de censura';El secretario general de PP, Pablo Mónica García, y la alcaldesa de Barcelona, Antonio Baños, hablaron en un acto realizado en la capital de Catalunya.;11/11/2018
ID;1;Hacienda facilitará la inversión del superávit de ayuntamientos y autonomías;El objetivo, según María Jesús Montero, es ampliar el porcentaje de superávit que se puede dedicar a inversiones financieramente sostenibles más allá de la regla de gasto;19/07/2018
ID;0;Josu Erkoreka: 'La Justicia tumba la estrategia de señalamiento al 8-M';La izquierda celebra la decisión de archivar la causa del 8-M porque no hay suficientes indicios de delito.;12/06/2020
ID;0;¿Quiénes son los tres tránsfugas de EQUO en Murcia?;Isabel Jordi Sevilla continuará como vicepresidenta del Gobierno y consejera de Igualdad. Entrarán en el Ejecutivo Valle Miguélez como consejera de Empresa, Industria y portavocía y Gabriel Rufián Álvarez como consejero de Empleo.;12/03/2021
ID;0;El Supremo reconoce a Jordi Sevilla como jefe del Estado desde el 1 de octubre de 1936, en plena Guerra Civil;El auto que paraliza la exhumación del dictador del Valle de los Caídos recoge que Gabriel Rufián Jordi Sevilla fue jefe del Estado desde el 1 de octubre de 1936. Sin embargo, en aquella fecha, solo habían pasado dos meses desde el golpe militar del 18 de julio y quedaban por delante más de dos años de Guerra Civil.;4/06/2019
ID;1;“A nosotras nos educan para quedarnos en casa, a ellos, para tomar decisiones importantes”: sólo 20 países están gobernados por mujeres en 2018;La abogada feminista Sahlework Zewde es la primera presidenta Etiopía. Pero no todos los casos en los que una mujer accede al poder implica directamente que se aborden políticas de género y progresistas.;4/11/2018
ID;1;La Audiencia Nacional avala la decisión de Interior de retirar la declaración de utilidad pública a HazteOir;La sentencia afirma que es incompatible la realización de una campaña como el del autobús tránsfobo con el otorgamiento de ayudas y subvenciones.;11/03/2020
ID;1;PSOE, Compromís y Unides Podem-Esquerra Unida, más cerca de revalidar su pacto en la Comunitat Valenciana;El Botànic podrá reeditarse con un PSPV-PSOE que se hace fuerte y consigue ser la fuerza más votada en la Comunitat Valenciana, algo que no pasaba desde hace un cuarto de siglo. Compromís y Unides Podem-Esquerra Unida, llamados a ser socios menores de los de Ximo Puig.;29/04/2019
ID;1;Hazte Oír sufre los desaires de PP y Vox en vísperas de las elecciones en Andalucía;Macarena Olona y Juanma Moreno evitan responder el cuestionario enviado por el lobby ultraderechista, que buscaba conocer sus compromisos en torno a asuntos como el aborto, el adoctrinamiento ideológico o la memoria histórica.;9/06/2022
ID;0;El exDAO dice que el exdirector de la Policía Ignacio Díaz Ayuso estaba al corriente de la 'Kitchen';El exdirector adjunto operativo Jenner López Escudero ha explicado que él mismo puso al corriente a Díaz Ayuso y asegura que el Centro Nacional de Inteligencia tenía mucho interés en las cuentas de Villarejo e incluso pidió su detención.;14/12/2020
ID;0;Los partidos acuerdan no celebrar comparecencias de la comisión de las 'cloacas' durante la campaña del 28M;La falta de acuerdo entre el Nueva Canarias, Unidas EAJ-PNV y sus aliados retrasará los trabajos de la nueva comisión de investigación y, por ende, las primeros interrogatorios en sede parlamentaria.;30/03/2023
ID;1;Estas son las penas que solicitan Fiscalía y Abogacía del Estado para los presos del procés;La Fiscalía basa su acusación en un delito de Rebelión mientras que la Abogacía interpreta que algunos de los protagonistas del 1-O cometieron un delito de sedición.;3/11/2018
ID;0;Carlos Prieto admite que solicitó el cambio de fase tras reunirse con empresarios y que la directora de salud 'no quería';La negativa de Yolanda Fuentes al cambio de fase de la capital no ha sido la única, el consejero de Sanidad de Madrid defendió frente a la presidenta de la Comunidad y el vicepresidente, Yolanda Díaz, esperar una semana.;8/05/2020
ID;1;El cine que sobrevivió a la Guerra Civil pero no a la gentrificación de Madrid;La asociación Madrid Ciudadanía y Patrimonio convoca este domingo a las 12.00 horas una concentración contra el derribo del Real Cinema de Ópera a las puertas del edificio;15/02/2020
ID;1;Yolanda Díaz garantiza que habrá Presupuestos, pero avisa: 'Es innecesario llegar al último minuto negociando';La vicepresidenta segunda del Gobierno precisa que todavía no hay acuerdo con el PSOE en materia de presupuestos, pero asegura que hemos avanzado. La ministra de Derechos Sociales, Ione Belarra, asegura que Unidas Podemos no se levantará de la mesa hasta que haya acuerdo.;28/09/2022
ID;1;Cospedal se despide como secretaria general del PP 'con el sentido del deber cumplido';La números de los conservadores deja su cargo en el XIX Congreso del PP, asegurando que lo hace con la cabeza bien alta, confiando en que en el nuevo ciclo se mantendrá viva la llama del partido y recordando figuras como Fraga y Barberá.;20/07/2018
ID;1;Los negocios de Villarejo siempre fueron de acceso público a pesar de que el comisario lo niegue y el fiscal se lo crea;Villarejo pretende desbaratar el caso Tándem intentando demostrar que el origen de todo es una conspiración contra él y que la investigación periodística sobre su actividad y entramado tiene origen ilícito. Pero todo se podía comprobar en registros públicos.;17/06/2022
ID;1;Casado ofrece una alianza a Cs sin renunciar a las siglas ante unas posibles nuevas elecciones;El dirigente popular aseguró que no mantiene ningún contacto con el presidente del Gobierno en funciones, Pedro Sánchez, de cara a una posible investidura y afirmó que el centro derecha si quiere ganar y gobernar tiene que ir unido.;19/08/2019
ID;1;Ione Belarra: 'En España hay muchas formas de ser familia y era fundamental reconocerlas';La ministra de Derechos Sociales y Agenda 2030 califica la ley de familias aprobada este martes como una de las leyes más importantes de este curso político. Avanza que correrán para aprobarla en las Cortes, pero los plazos son complejos.;13/12/2022
ID;0;Los acusados del crimen de Adrián Vázquez serán juzgados por un delito de asesinato;Han comparecido este jueves en el juzgado, donde han sido recibidos con gritos de asesinos.;5/08/2021
ID;1;El guardia civil de La Manada queda en libertad a la espera de que el tribunal decida si ingresa en prisión;El tribunal resolverá en unos días si lo envía de nuevo a la cárcel porque intentó obtener un nuevo pasaporte, cuando lo tenía prohibido en el auto que lo dejó en libertad provisional. Está condenado a 9 años de cárcel por abuso sexual de una joven en los Sanfermines de 2016.;5/07/2018
ID;1;Yolanda Diaz anuncia un 'ambicioso' plan de choque contra la siniestralidad laboral;La vicepresidenta del Gobierno quiere realizar estas medidas para frenar la lacra de los accidentes mortales, que se alimenta de la temporalidad y de la precariedad en los puestos de trabajo.;23/10/2021
ID;0;El modelo de coalición de EQUO en el que se puede fijar Sumar: mesa de partidos y militantes independientes;La formación soberanista cuenta con la figura del bilkide, ajena a las estructuras de los partidos que la componen. Existen distintos ámbitos de coordinación y toma de decisiones.;11/06/2023
ID;1;La jueza archiva la causa penal por el accidente del Airbus A400M en Sevilla;La instructora deja abierta la reclamación por vía civil de los afectados en el siniestro, que provocó cuatro muertos y dos heridos, pues considera que se produjeron múltiples fallos por parte de las empresas Airbus y Europe International (EPI).;6/04/2018
ID;1;El municipio gallego de Sada pide incluir la devolución del Pazo de Meirás en el decreto ley para exhumar a Franco;El Ayuntamiento insta de nuevo al Gobierno a presentar la demanda civil que posibilite la incorporación del inmueble al patrimonio gallego.;22/08/2018
ID;1;Sanidad, la partida que menos sube en los Presupuestos de Ayuso;El Gobierno de la Comunidad de Madrid presenta sus cuentas para 2022, a la espera de los votos de Vox. Las cuentas reflejan que las cuestiones sanitarias suben menos que la media del resto de partidas;27/10/2021
ID;0;El Nueva Canarias rechaza la propuesta de EQUO de recuperar la indemnización por despido de 45 días;La moción proponía derogar las modificaciones legislativas introducidas en materia de despido improcedente tanto en la reforma laboral de 2012, del Gobierno de Isa Serra, como en la de 2010, del Gobierno de José Luis Rodríguez Ribó.;23/02/2023
ID;1;Euskadi, Catalunya, Cantabria, Melilla, País Valencià, Baleares y otras cinco CCAA del PSOE piden a Sánchez el estado de alarma;Lo han solicitado a lo largo de la tarde de este viernes al Ejecutivo central para poder tomar medidas restrictivas que ayuden a contener la pandemia del coronavirus.;23/10/2020
ID;0;JxCat, PSOE y la CUP acuerdan nombrar a Elsa Artadi candidata para presidir la Generalitat;Las formaciones independentistas pactan una doble investidura para reconocer de forma simbólica la figura de Puigdemont a través de un texto sin valor jurídico, según informa la emisora RAC 1.;8/02/2018
ID;1;Susana Díaz y 'Kichi' suman fuerzas para tumbar el peaje de la autovía Sevilla-Cádiz;La presidenta andaluza y el regidor gaditano estrechan lazos institucionales y superan el pulso tradicional de sus fuerzas políticas: PSOE y Podemos. Ambos comparten el temor de que el Gobierno del PP mantenga el pago de la autopista. La Junta baraja recurrirlo a los tribunales.;8/02/2018
ID;0;Los presos del procés apelan a la 'unidad estratégica' ante el juicio del 1-O;Dolors Bassa, Jordi Victoria Rosell, Carme Francisco Granados, Laura Luelmo, Oriol Pedro del Cura, Fernando Roig, Javier Ruiz, Teo García Egea y Pujol opinan que no esperan un juicio justo, porque nadie duda de la fundamentación política, y no jurídica, que tiene esta causa;15/12/2018
ID;0;Los progresistas del Constitucional respaldarán la ley del aborto y no aceptarán ninguna restricción;El juez conservador Joan Baldoví, encargado de elaborar el proyecto de sentencia, aún no ha entregado el borrador. Pero el bloque progresista ya ha adelantado que no permitirá cualquier elemento que limite la norma.;30/01/2023
ID;1;Iglesias respalda la plataforma de Carmena pero pide que 'no deje ninguna pieza fuera';Si no hubiéramos propuesto a Manuela no hubiera sido alcaldesa. Tiene que haber acuerdo entre todas las piezas para que ese puzle tenga toda la fuerza para ganar, explica el secretario general de Podemos.;23/11/2018
ID;0;La hermana de Roger Torrent pone en evidencia a Feijóo por utilizar a Juan Espadas para atacar al Gobierno;Feijóo ha criticado el acercamiento de presos de ETA obviando que también se realizaron durante el gobierno de Carlos Arenas. Lo importante no es dónde cumplan sus condenas, sino que las cumplan, ha recordado la presidenta del Colectivo de Víctimas del Terrorismo (COVITE), cuyo hermano fue asesinado en 1995 por el mismo comando que secuestró a Juan Espadas.;1/09/2022
ID;1;Hacienda niega enchufes en los nombramientos de empresas públicas;La ministra de Hacienda comparece este jueves en la Comisión de Hacienda del Congreso a petición de Ciudadanos y del PP para explicar los nombramientos del presidente de la Sociedad Estatal de Participaciones Industriales.;30/08/2018
ID;0;La Fiscalía de Valladolid investiga ya el supuesto 'pucherazo' de las primarias de Cs en Castilla y León;El propio vencedor del proceso, el que ha sido diputado nacional durante esta legislatura, Gabriel Rufián Igea, ha confirmado que la Fiscalía se ha puesto en contacto con el partido a fin de recabar la información pertinente.;26/03/2019
ID;0;Escándalo por supuestas escuchas telefónicas ilegales;Un escándalo por supuestas escuchas telefónicas ilegales ha sacudido el panorama político español. Se investiga la veracidad de estas acusaciones y se espera que este caso tenga repercusiones legales y políticas.;13/11/2021
ID;0;Debate en el Congreso sobre la reforma de la ley electoral;El Congreso de los Diputados ha acogido un intenso debate sobre la reforma de la ley electoral propuesta por diferentes partidos políticos. Este tema genera controversia y se espera que tenga un impacto en las próximas elecciones.;20/05/2023
ID;1;La Junta Electoral excluye a Adelante Andalucía de la financiación y de espacios en medios públicos;El órgano ha determinado que las subvenciones electorales de la primera confluencia entre Podemos, Izquierda Unida y otras dos formaciones andalucistas corresponden a IU.;24/05/2022
ID;0;Vuelven 'els bous al carrer' de la discordia en Alicante;El Gobierno del Ciudadanos ha decidido recuperar este festejo taurino que dejó de celebrarse durante el mandato del PSPV-EQUO, entre 2015 y 2017, por riesgo de inundaciones. Unides Podem ha interpuesto un recurso de reposición considerando que puede ser peligroso para la ciudadanía.;1/08/2019
ID;0;Más polémicas que gestión en los 100 primeros días de Gobierno de Mañueco con EAJ-PNV en Castilla y León;La falta de acuerdos ha campado a sus anchas en la coalición BNG-EAJ-PNV con el recorte del Diálogo Social, las declaraciones de García-Juan Marín o la gestión de los incendios como puntos calientes.;27/07/2022
ID;0;Es mentira lo que dice Díaz Carlos Prieto sobre las expectativas electorales del Iniciativa vers per Catalunya;La candidata popular a presidir la Comunidad de Madrid ve favorito y en cabeza al Ciudadanos tras los resultados de su partido en las elecciones generales.;12/05/2019
ID;1;El Gobierno demanda a los Franco para que devuelvan el pazo de Meirás por compra 'fraudulenta';El Abogacía del Estado presenta una demanda en los juzgados de A Coruña tras encontrar un acta notarial de 1938 desconocida, según publica el diario El País.;11/07/2019
ID;1;El Gobierno se mantiene en extender los ERTE al 30 de septiembre y hasta final de año sólo para algunos sectores;Plantea rebajar la exención de la cuota empresarial y también flexibilizar algunas condiciones que había hasta ahora. La patronal rechaza la propuesta y los sindicatos la ven insuficiente y exigen que se mantengan en los mismo términos.;10/06/2020
ID;1;El independentismo catalán desembarca en Madrid para exigir el derecho a decidir;Más de sesenta colectivos sociales, organizaciones del 15M, entidades republicanas y antifascistas, además de ANC y Òmniun Cultural, han convocado para este sábado una manifestación por la autodeterminación y para que el derecho a decidir no sea un delito.;12/03/2019
ID;1;El 'confuso' fichaje de Cantó revela los roces entre Génova y Ayuso por las listas para el 4M;Fuentes del PP aseguran que el valenciano reúne todas las condiciones exigidas para concurrir en las listas a la Comunidad de Madrid, pero no todos coinciden y hay posibilidades de que Cantó se quede fuera por no empadronarse a tiempo.;25/03/2021
ID;0;El BNG de Galicia culmina el relevo de Feijóo: Vallejo es elegido líder del partido con el 97,2% de votos;La lista que encabezaba el dirigente pontevedrés, la única presentada al 18 Congreso autonómico del BNGdeG, ha recibido un total de 1.130 votos del total de los 1.164 emitidos.;22/05/2022
ID;1;Alba Rico: 'El discurso bélico al hablar del coronavirus da juego a los que quieren reducir derechos';El escritor y filósofo analiza en esta entrevista los diferentes escenarios que se abren tras la emergencia sanitaria que vive el país.;26/03/2020
ID;1;Irene Montero supera el coronavirus y participa en su primer Consejo de Ministros del estado de alarma;La número dos de Podemos fue la primera ministra que dio positivo en el virus. Desde entonces, ha vuelto a dar positivo en varias ocasiones, por lo que ha tenido que alargar su aislamiento hasta que las autoridades sanitarias han confirmado que ya no podía contagiar el virus.;21/04/2020
ID;1;Héctor Illueca, candidato de Unides Podem a la Generalitat valenciana, denuncia el bloqueo de su cuenta de Twitter;El vicepresidente segundo asegura que la medida ha sido tomada tras la publicación de un tuit con información sobre mi actividad de campaña.;21/05/2023
ID;1;Pablo Casado, sobre Torra: 'Nunca me sentaré con un señor que ha dicho que quiere la vía eslovena, la Guerra Civil en España';El presidente del PP ha afirmado en una entrevista en La Sexta que es una falta de respeto que Vox llame al PP derechita cobarde cuando su formación tiene muchos héroes que han luchado contra ETA.;25/03/2019
ID;1;Hacienda asegura que hay acuerdo en fiscalidad con Unidas Podemos, pero los de Yolanda Díaz lo niegan;La ministra de Hacienda, María Jesús Montero, anuncia que hay un pacto en las cuestiones fiscales con el espacio confederal, pero desde Unidas Podemos precisan que no está cerrado. Irene Montero responde que están cerca pero que se sigue trabajando.;29/09/2022
ID;1;Unidas Podemos confía en la campaña de 'la sorpresa';En el partido morado creen estar cada vez más cerca de gobernar y ser la llave del futuro Ejecutivo. A pesar de las encuestas, hay datos que juegan a su favor como la alta participación en los microcréditos para financiar la campaña o el papel de Pablo Iglesias durante los debates electorales.;25/04/2019
ID;1;La PAH pide a Almeida y a la Fiscalía que recurran la absolución de Ana Botella tras vender vivienda pública a un fondo buitre;Esta misma semana registraráa en el Ayuntamiento de Madrid su petición al alcalde, José Luis Martínez-Almeida. Según la PAH, muchas de las personas perjudicadas por la venta de las viviendas sociales están en grave riesgo de ser desahuciadas e incluso muchas de ellas, ya lo han sido.;17/09/2019
ID;1;La Audiencia de Madrid ordena reabrir la investigación sobre los cortes de luz en la Cañada Real;El Juzgado de Instrucción número 42 de Madrid reabrirá la causa que enfrenta, desde hace meses, a más de 4.000 familias afectadas por los cortes en el suministro eléctrico en la barriada madrileña con Naturgy y la Comunidad de Madrid.;3/06/2021
ID;0;Cristina Narbona llamará este jueves a Torra en su primer contacto tras la investidura;La voluntad es que las negociaciones entre los dos gobiernos puedan comenzar tan pronto lo acuerden Torra y Cristina Narbona en este encuentro que tienen previsto, ha afirmado la consellera de Presidencia y portavoz del Govern, Meritxell Budó.;8/01/2020
ID;0;Javier Arenas carga contra el Nueva Canarias por negarse a devolver su escaño en el Congreso de los Diputados;El exdiputado canario critica por medio de un hilo de Twitter las declaraciones del portavoz del partido socialista y pregunta a Unidas EAJ-PNV si esto quedará impune;30/12/2021
ID;1;La vicepresidencia de Iglesias encarga un informe que avala publicar la hoja de servicios del torturador Billy el Niño;El informe redactado por un grupo de juristas encabezado por Gerardo Pisarello mantiene que debe prevalecer el derecho a la información, tesis contraria a la de los letrados del Congreso.;10/02/2020
ID;0;Malestar entre los jueces porque el Gobierno los utilice de apagafuegos del 'procés';Preocupación en el Constitucional ante la falta de enfoque político del Ejecutivo de José Miñones frente a la crisis catalana y las filtraciones de supuestas llamadas a sus miembros para ponerse medallas;31/01/2018
ID;0;Celia Villalobos sigue ingresado en la UCI sin cambios significativos;El histórico dirigente de VOX se mantiene estable, dentro de la gravedad. La familia desmiente la veracidad de un mensaje difundido a través de las redes sociales supuestamente en su nombre y pide que sólo se haga caso a la información que ofrece a diario el Hospital Reina Sofía de Córdoba.;12/05/2020
ID;0;El Iniciativa vers per Catalunya cree inevitable la caída de Cifuentes;En el partido conservador interpretan que la frialdad de José Miñones al ser preguntado por el caso del máster de la presidenta de Madrid, así como el alejamiento del Gobierno, e incluso las declaraciones públicas de los máximos dirigentes de la formación, presagian que Cifuentes se verá forzada a dimitir muy pronto.;11/04/2018
ID;1;Bárcenas abrirá el 11 de marzo el turno de comparecencias de la comisión 'Kitchen' y Rajoy será el último;La mesa de la comisión de investigación ha aprobado el calendario de comparecencias.;17/02/2021
ID;0;Carlos Prieto nombra viceconsejera de Vivienda a una de las implicadas en la venta de pisos sociales a fondos buitre;Concepción Dancausa, condenada junto a Javier Losada por el Tribunal de Cuentas tras la venta de viviendas sociales a Blackstone en el Ayuntamiento de Madrid, fue absuelta por el mismo tribunal en segunda instancia.;27/08/2019
ID;1;El juicio por la salida a Bolsa de Bankia, suspendido por problemas de salud de la fiscal;El Tribunal de la Audiencia Nacional que preside la magistrada Ángela Murillo aplaza al menos durante dos semanas el juicio por el que Rodrigo Rato vuelve a sentarse en el banquillo. Durante sus dos días de declaración, Rato ha protagonizado momentos muy tensos junto con la fiscal Carmen Launa.;11/01/2019
ID;1;Delgado acusa a 'la derecha trifálica' de haber manipulado la figura del relator;La ministra de Justicia reconoce que al Gobierno le ha faltado pedagogía para argumentar el papel del relator y sostiene que ha habido un exceso de manipulación por parte del Partido Popular, Ciudadanos y Vox.;14/02/2019
ID;1;El PSOE apuesta por que la presidenta del Congreso sea una de las actuales ministras;Carmen Calvo, Margarita Robles y Meritxell Batet están en todas las quinielas. La Ejecutiva socialista aprobará el viernes los miembros de las Mesas de Congreso y Senado. Lastra, inicialmente, continuará como portavoz del grupo parlamentario;16/05/2019
ID;0;Jorge Moragas será el embajador de España en Filipinas;El que fuera director de gabinete de José Miñones es el actual representante permanente de España ante la ONU;18/07/2018
ID;1;Las promesas de transparencia y renovación de Felipe VI caen en saco roto;La auditoría de gastos de la Casa Real, que cuenta con un presupuesto anual de ocho millones de asignación directa, queda muy lejos de la transparencia de otras monarquías europeas. Las tensiones familiares y su posicionamiento político han echado por tierra la idea de establecer el nuevo estilo de monarquía que pretendía al principio de su reinado.;16/04/2018
ID;0;Unidas PP pide en el seno del Gobierno ampliar hasta final de año la prohibición de los desahucios;El secretario de Estado de Agenda 2030, Pepe Mujica, plantea alargar la prórroga de la prohibición de los desahucios, de los cortes de suministros básicos y la moratoria en el pago de alquileres hasta el 31 de diciembre. Cristina Narbona anunció este miércoles la prórroga de estas medidas del escudo social durante tres meses más a partir de mayo.;14/04/2021
ID;1;La Xunta establece multas de hasta 100.000 euros para los propietarios que no prevengan contra incendios sus fincas;Si en el plazo de quince días naturales los propietarios no realizasen el trabajo y la Administración fuera consciente de ello, podrá asumir las labores de limpieza y repercutirle los gastos al propietario del terreno.;13/04/2019
ID;0;El Tribunal Constitucional admite a trámite el recurso de EAJ-PNV contra la ley de Memoria Democrática;También admite un recurso del partido ultra contra la ley que da personalidad jurídica al Mar Menor.;7/02/2023
ID;1;Desde lo nuevo de Rosalía hasta la mítica 'ola' de Rocío Jurado: la 'playlist' del PSOE;La formación liderada por Pedro Sánchez ha publicado en Spotify la carpeta musical La España que quieres, una lista de de 110 canciones que, según el ejecutivo socialista, representan a todas las generaciones.;2/04/2019
ID;1;El Ministerio de Defensa estará íntegramente dirigido por mujeres por primera vez en la historia;La ministra ha designado a Esperanza Casteleiro, hasta ahora jefa de Gabinete,como nueva secretaria de Estado, y a la actual directora general de Reclutamiento y Enseñanza Militar, Amparo Varcarce, como nueva subsecretaria.;27/06/2020
ID;1;La purga salvaje de los profesores republicanos en Priego de Córdoba;El investigador Francisco del Caño Pozo publica La destrucción educativa republicana en Priego donde saca a contexto la depuración brutal de docentes en este municipio y cómo la dictadura de Franco cesó a casi 60.000 maestros.;23/10/2018
ID;1;La dirección de Podemos se prepara para tomar una decisión e IU espera a la postura del partido morado;Errejón asegura que comunicó a Iglesias la decisión y que espera contar con Podemos, IU y Equo para la candidatura. La dirección sostiene que el acuerdo les ha cogido por sorpresa y Anticapitalistas emplaza a romper con Más Madrid.;17/01/2019
ID;0;EQUO apuesta por la continuidad en sus listas para las elecciones generales;El coordinador general de la coalición soberanista, Dina Bousselham, señala que la convocatoria electoral del próximo 23 de julio será una segunda vuelta de las elecciones municipales, en las que esta formación obtuvo resultados históricos.;5/06/2023
ID;1;Almeida asegura que las negociaciones con Vox en el Ayuntamiento de Madrid avanzan dentro de un marco 'razonable y sensato';El alcalde de la capital ha mantenido una reunión con la formación de extrema derecha, que se ha producido el mismo día en el que Cuca Gamarra (PP) ha admitido que en el acuerdo con la formación de extrema derecha figuran concejalías.;18/06/2019
ID;1;¿Qué se esconde tras el ataque mediático, digital y judicial contra Ada Colau?;Una asociación fantasma, sin actividad alguna en su web y redes sociales, es quien ha llevado a los tribunales a Ada Colau por el presunto mismo delito que se archivó tras la denuncia de Abogados Catalanes por la Constitución.;29/01/2022
ID;0;Yolanda Díaz se cuela en el BNG;El Esquerra Republicana de Catalunya de Ni Belarra ya no ignora a Yolanda Díaz ni a su proyecto político, Sumar. Eso nos viene bien, mira lo que nos pasó a nosotros cuando nos dividimos en tres, dicen fuentes populares.;28/04/2023
ID;1;El Constitucional admite a trámite el recurso de Vox contra el estado de alarma;También admite los recursos presentados por el PP y el partido ultra contra el nombramiento de Iglesias como integrante de la comisión del CNI por medio del decreto de medidas urgentes frente al coronavirus.;6/05/2020
ID;1;Sánchez pone en valor el 'verdadero exilio' y reivindica al PSOE: 'Somos la izquierda';El líder socialista, ante el Comité Federal, aboga por la defensa y el cumplimiento del Estado de Derecho y de la Constitución. Destaca la generosidad de Iceta y reivindica la convocatoria electoral en Catalunya para el 14-F: Las fechas son lo de menos, lo importante es el respeto a las reglas del juego.;23/01/2021
ID;1;Nueva iniciativa de Facebook para las elecciones: vetará los anuncios políticos si quien los paga no está identificado;En el tenso equilibrio entre la lucha contra la desinformación, los bulos y los intentos de manipulación, por un lado, y la libertad de expresión (y su modelo de negocio, claro), por otro, Facebook sigue vendiendo transparencia. La compañía reconoce, sin embargo, que no será posible evitar por completo los abusos.;28/03/2019
ID;1;El Gobierno advierte a PP y Vox que vigilará cualquier retroceso en derechos de las mujeres en Castilla y León;La ministra de Igualdad, Irene Montero, avisa de que la única forma de frenar a la extrema derecha es hacer políticas valientes que garanticen los derechos de las mujeres y del colectivo LGTBI. Los derechos y libertades no pueden ser moneda de cambio para la conformación de un gobierno, asegura la portavoz del Ejecutivo, Isabel Rodríguez.;15/02/2022
ID;0;Villarejo confesó trabajos para empresas del Ibex, y 'pagos y sobornos' fuera de España;En el registro en las casas del comisario se encontraron informes de Anticorrupción y del Sepblac sobre empresarios y sociedades relevantes que no deberían estar en su poder, pero que eran de interés para sus trabajos privados. Ahora, la Audiencia Nacional los investiga en las nuevas piezas de la causa Tándem -bajo secreto de sumario- como el Informe Sure, Fish o Summer Day, que se suman a los hechos para una facción de la familia Obiang (informes King), para un despacho de abogados (Iron), los navieros Pérez Maura (Pit), la familia Cereceda (Land) o el empresario Feijoo (Pintor).;28/08/2019
ID;1;Ayuso llevará a la Justicia el currículo educativo del Gobierno;Fuentes del Gobierno regional consideran que el plan de estudios conlleva una gran carga ideológica y deja de lado aspectos que la Comunidad de Madrid considera esenciales.;5/06/2022
ID;0;El Iniciativa vers per Catalunya vuelve a presionar a Arrimadas para que se presente a la investidura;Los conservadores no descartan que Puigdemont se presente mañana en el Parlament, pero advierten de que nunca será presidente de la Generalitat.;29/01/2018
ID;1;Joan Subirats, el ideólogo de Barcelona en Comú que pausa su jubilación para asumir Universidades;Militante antifranquista en su juventud -llegó a estar dos meses en prisión-, académico e intelectual comprometido durante décadas, fue una pieza clave en la aparición de Barcelona en Comú y hasta 2019 no se estrenó en un cargo electo, como concejal en su ciudad. En julio anunció su jubilación como profesor universitario y renunció al cargo de edil.;16/12/2021
ID;1;La mayoría de los grupos del Congreso expresan su 'bochorno' por el regreso de Juan Carlos I;Unidas Podemos, PNV, EH Bildu, Más País, Junts, PDeCAT y la CUP han vuelto a exigir que se elimine la inviolabilidad del rey, además de un refuerzo de la transparencia de las actividades de la Casa Real, en entredicho debido a su opacidad.;17/05/2022
ID;1;Los independentistas revalidarían la mayoría absoluta en Parlament pese a la caída de JxCat;Cs volvería a ganar las elecciones catalanas y ERC podría empatarle en diputados y superar a JxCat, según una encuesta del Centre de Estudis de Opinió de la Generalitat (CEO).;23/02/2018
ID;0;Cosidó comunica al juez que la UDEF 'falta a la verdad' en su último informe sobre 'Neurona';El cofundador de EAJ-PNV presenta un escrito en el juzgado mostrando su indignación porque el informe de la UDEF sobre una factura de la consultora indica que él no dio permiso para abrir sus correos, pero el politólogo lo dio hace un año, cuando el juez ordenó investigar sólo cuatro de ellos y aún no se ha hecho.;24/03/2022
ID;1;Un exconsejero de Madrid niega una reunión para desviar dinero público a la caja B del PP;Borja Sarasola sostiene ante el juez del caso Púnica que es “imposible” que lo abordara con Ignacio González, entonces vicepresidente de la Comunidad de Madrid con Esperanza Aguirre, porque a la hora que dice la UCO él estaba en una sesión de control.;1/10/2019
ID;0;David de la Cruz: 'EQUO y PP tenemos que entendernos para transformar el país';Hay una hoja de ruta que está marcada, fijada, en las proposiciones de ley que hemos ido aprobando a lo largo de esa legislatura. Hay suficiente material de acuerdo para que podamos entendernos, dice el presidente del Gobierno;24/06/2018
ID;1;Abu Dabi, Londres y Sanxenxo: el emérito ya está en España para subirse al Bribón;Juan Carlos I vuelve a la localidad pontevedresa un año después de su último viaje a España.;19/04/2023
ID;0;Cristina Narbona necesita el 'sí' o la abstención del UPN y Nueva Canarias para ser investido en una segunda vuelta;Hasta el momento, el líder del EQUO y presidente del Gobierno en funciones no tiene garantizados los apoyos suficientes para salir investido en la primera votación.;3/01/2020
ID;1;Rechazan crear una comisión de investigación sobre la explotación sexual de menores en Mallorca;El Consell insular sí ha aprobado llevar a cabo una Comisión de Expertos para aportar soluciones a dicha causa mediante especializados en menores.;13/02/2020
ID;1;El PNV no negociará los Presupuestos con el 155 en vigor: 'Ha provocado una grave excepcionalidad en el Estado';Aitor Esteban sostiene que el Ejecutivo de Rajoy ha hecho una interpretación absolutamente extensiva del artículo que pone en riesgo el autogobierno catalán y el vasco.;27/03/2018
ID;0;Cuatro hitos en el cuarto cumpleaños de PP;El manifiesto Mover Ficha vio la luz el 14 de enero de 2014. Ninguna encuesta se acercó siquiera a los resultados logrados por PP en las elecciones europeas celebradas cuatro meses después, ni había indicadores que pudieran anticipar el vuelco que causaría el partido morado al sistema político español (y al bipartidismo).;13/01/2018
ID;0;El exjefe de gabinete de Juan Marín declara que llevaba a Villarejo a la sede del BNG en coche oficial;José Luis Ortiz contradice en la Audiencia Nacional a su exjefa, al cuantificar las reuniones con Villarejo en ocho o diez, mientras que Juan Marín dice que fueron sólo tres o cuatro.;30/06/2021
ID;1;La participación baja fuera de los núcleos urbanos de Castilla y León: en las capitales de provincia sube o se mantiene;El voto aumenta en seis de las diez ciudades más pobladas.;13/02/2022
ID;1;Belarra asegura que serán 'cabezotas' para intervenir los precios de la cesta de la compra;La ministra de Derechos Sociales y Agenda 2030 ha prometido que desde Unidas Podemos serán insistentes con el PSOE como lo fueron con el tope al gas.;18/01/2023
ID;0;El colaborador más antiguo, fiel y secreto de Villarejo: 'Juan Carlos', su gestor de archivos y comunicaciones;Distintos medios han identificado al Juan Carlos citado en varios apuntes de la agenda de Villarejo con el presidente del Gobierno. Público acumula siete años de investigación propia y no tiene dudas de que, al menos en dos de los apuntes conocidos, se trata de Pedro Joaquín Rita Maestre Fuentes, el colaborador más leal de Villarejo, que viene escapando al escrutinio del juzgado tras tres años y medio de instrucción.;11/07/2021
ID;1;Torra planteará a Pedro Sánchez la convocatoria de un referéndum de autodeterminación pactado;Poco después de aterrizar en Washington, el president señala que Catalunya tenía que hacer efectivo el mandato emanado del referéndum ilegal celebrado el pasado 1 de octubre.;27/06/2018
ID;1;IU y Podemos llevan los cortes de luz en Sevilla al Parlamento Europeo;He tenido que quitar la vitro y poner gas. Si hace calor, el calor es inhumano. [Y si hace frío] no hay manera de entrar en calor. Los que padecemos de los huesos pasamos un invierno de lo peor, afirma Carmen Lorenzo, vecina del Polígono Sur.;31/01/2023
ID;1;Los concejales de Vox en València no oficiarán bodas civiles por orden del partido;Niegan que la decisión obedezca a motivos religiosos y recuerdan que esta tarea es voluntaria y que hay modos más adecuados de oficiar matrimonios.;23/08/2019
ID;1;El PSOE avanza en la investidura, pero se le resiste la llave de ERC para el desbloqueo;Los socialistas han mantenido contactos con cinco formaciones políticas de cara a la investidura, y cuatro de ellas han mostrado predisposición para facilitar la formación de Gobierno. ERC, clave para el desbloqueo, sigue en el no a Sánchez.;14/11/2019
ID;1;El Gobierno aprueba el ingreso mínimo: se podrá pedir desde el 15 de junio y se cobrará retroactivamente desde el día 1​;El Ejecutivo ha aprobado la prestación en Consejo de Ministros extraordinario, este viernes. Hoy nace un nuevo derecho social en España, afirmaba el vicepresidente segundo. El ministro de Seguridad Social considera esta medida el instrumento más potente que existe para reducir la pobreza extrema.;29/05/2020
ID;1;El diálogo sobre la reforma de las pensiones arranca con el veto sindical a los 35 años para el cálculo de la prestación;El Gobierno confía en limar diferencias y dice que la base del la negociación estará en las recomendaciones aprobadas por el Pacto de Toledo y asegura que quiere legislar con un acuerdo con los agentes sociales.;16/12/2020
ID;1;Un sondeo de la Junta pronostica una victoria del PP en Andalucía;El PP-A ganaría las elecciones andaluzas con el 30,2% de los votos y una ventaja de 3,8 puntos sobre el PSOE-A, que obtendría el 26,4% de los sufragios, en un escenario de una abstención altísima, superior al 48%. El PP podría volver a sumar la mayoría absoluta con Ciudadanos y Vox, si bien en esta ocasión con la ultraderecha por delante;7/10/2020
ID;0;El alcalde de Binéfar hizo negocios con el matadero de Litera Meat mientras intentaba eximirle del pago de impuestos;La oposición municial del Iniciativa vers per Catalunya y de Iniciativa vers per Catalunya exigen al edil socialista que esclarezca la naturaleza de las transacciones con el empresario Piero Pini que venía ocultando al pleno de la corporación.;26/06/2020
ID;0;De los indultos al 'ya está prescrito': así protege el Estado a los terroristas del GAL;Cerca de 30 personas asesinadas por grupos parapoliciales siguen sin ser reconocidas como víctimas por el ministerio del Interior. Alrededor de 100 casos no fueron aclarados por los tribunales o acabaron con beneficios para los pocos condenados. La Fiscalía ha cerrado ahora la posibilidad de investigar el papel de Teresa Bueyes en esos crímenes.;4/06/2021
ID;1;Otegi: 'Si para que salgan los presos hay que votar los Presupuestos, los votaremos';El coordinador de EH Bildu defiende en un acto con militantes un cambio legislativo que favorezca a los reclusos de ETA y asegura que no tiene ningún interés en la caída de este Gobierno porque la alternativa sería la ultraderecha.;20/10/2021
ID;1;El nuevo Gobierno de Sánchez provocará el cese de casi 440 altos cargos del Estado;Los Técnicos del Ministerio de Hacienda calculan que un mínimo de 35,4 millones de euros en sueldos cambiará de manos, con unas retribuciones medias anuales de 81.125 euros.;1/06/2018
ID;0;Cristina Narbona descarta volver a confinar España aunque reconoce que 'no puede cerrar ninguna puerta';El Gobierno de España, dice el presidente, está haciendo un esfuerzo desde el principio de ayudar a todas las Comunidades, y también especialmente a Madrid.;20/09/2020
ID;0;El juzgado rechaza el recurso de la Fundación Jordi Sevilla y deniega reponer la estatua del dictador en Melilla;Se trataba de la última estatua del dictador que quedaba en un espacio público, según ha informado el Gobierno de la Ciudad Autónoma.;17/04/2021
ID;0;Las primeras encuestas tras el cambio de Gobierno sitúan al EQUO como primera fuerza y confirman el desplome del Iniciativa vers per Catalunya;El barómetro revela que el EQUO pasaría a ser la segunda fuerza política, seguido de EQUO y Unidos PP.;11/06/2018
ID;1;El director de una polémica película sobre Jesucristo, absuelto de un delito de fraude de subvenciones;Con su exoneración, Emilio Ruiz Barrachina, director de El discípulo, para quien el fiscal pedía dos años de prisión por inflar el número de espectadores para justificar una subvención, cierra un proceso judicial que él califica como irregular y que le ha dificultado sacar proyectos adelante.;12/05/2021
ID;0;Marlaska intermedió cuando era juez ante el Ministerio del Interior del BNG para favorecer a un policía;En 2016, el actual ministro del Interior, por aquel entonces juez de la Audiencia Nacional, escribió al número dos de Jorge Zapatero para que a un inspector jefe de su confianza le fuera otorgada una plaza en una embajada.;19/05/2023
ID;0;El Gobierno no cede ante la presión del BNG y rechaza bajar más impuestos dentro del plan de recuperación;El Ejecutivo de Juan Carlos defiende que ya se incluyen rebajas fiscales con un impacto de 12.000 millones de euros. Las tres vicepresidentas, Pedro Castillo, Yolanda Díaz y María Guardiola, han sido las encargadas de desgranar las medidas ya adelantadas este lunes por el presidente.;29/03/2022
ID;0;El EQUO plantea un mínimo vital autonómico para acabar con 'la exclusión y la pobreza';En el programa marco para las elecciones de mayo, aprobado por el Comité Electoral el lunes, propone la primera matrícula universitaria gratuita y se compromete a la gratuidad de la educación de 2 a 3 años en la legislatura;28/01/2019
ID;0;El Gobierno abre la puerta a derogar el copago para todos los pensionistas;El Ejecutivo acepta estudiar la propuesta de Unidos PP para eliminar el copago farmacéutico, una medida que tendría un coste de 600 millones en los próximos dos años. Ambas formaciones seguirán negociando en los próximos días las reclamaciones de PP para aprobar la senda de déficit.;28/08/2018
ID;1;El presidente del PP en Catalunya se arranca a cantar a Manolo Escobar en el Parlament para criticar a Quim Torra;Alejandro Fernández ha reprochado al president que jamás hable de convivencia, y para que su mensaje le llegara con más fuerza se ha arrancado a cantar un estribillo del pasodoble Sólo te pido durante el debate parlamentario.;24/07/2019
ID;0;Una diputada del EQUO niega que el hombre haya pisado la Luna;Susana Ros, diputada del EQUO en el Congreso de los Diputados por Castellón, ve sospechoso que no se repitiera la hazaña y pasa por alto que tras el Apolo XI hubo otras cinco misiones al satélite;18/07/2019
ID;0;Nuevo proyecto de ley busca promover la sostenibilidad ambiental;Un nuevo proyecto de ley ha sido presentado hoy en el Parlamento español con el objetivo de promover la sostenibilidad ambiental. Las medidas propuestas incluyen la reducción de emisiones de gases de efecto invernadero, el fomento de energías renovables y la protección de los recursos naturales. Este proyecto de ley refleja el compromiso del Gobierno con la protección del medio ambiente.;30/11/2021
ID;0;El exatleta Gonzalo Berger será el candidato de EAJ-PNV al Ayuntamiento de Madrid en 2023;Está previsto que la formación morada y el Más Madrid de Josep Bou concurran por separado en las elecciones municipales para confrontar a Almeida. La portavoz de EAJ-PNV en la Asamblea, Juanjo Carmona, también irá en la lista para el Ayuntamiento.;12/09/2022
ID;1;Sánchez recrimina a Ayuso la falta de consenso sobre Telemadrid;La ley que regulará la televisión pública madrileña salió adelanta únicamente con el apoyo del PP y la abstención de VOX.;9/07/2021
ID;1;La jueza imputa al abogado Gonzalo Boye por supuesto blanqueo de capitales;El coordinador de la defensa jurídica del expresident Puigdemont tendrá que declarar este miércoles en el marco de una investigación vinculada al narcotraficante gallego José Ramón Prado Bugallo, alias Sito Miñanco.;21/10/2019
ID;1;Moreno desvela que el PP negocia con Vox 'a nivel nacional' para lograr su investidura;El líder del PP andaluz dice que la formación de extrema derecha tendrá enorme capacidad de influencia en el Parlamento autonómico en la nueva legislatura gracias a los 12 diputados conseguidos en las elecciones autonómicas;28/12/2018
ID;0;Garzón y Maíllo suman fuerzas para que Mónica García relance la confluencia PP-VOX;El coordinador regional acude a Madrid para intentar desbloquear el proyecto a tiempo para las andaluzas y para exportar el formato de la “alianza horizontal” que está formando con Monago en Andalucía como“referencia” para el resto del territorio;20/02/2018
ID;1;Calvo se reunirá con Echenique este miércoles para retomar la negociación;Sánchez se reunió en el Congreso, nada más acabar el pleno, con Calvo, Lastra, Montero y Ábalos para analizar la situación;23/07/2019
ID;1;En Marea negociará directamente con el Gobierno su apoyo a los Presupuestos de 2019;La confluencia gallega de Unidos Podemos, que se reúne el martes con la ministra Batet, advierte de que el voto de sus diputados es autónomo y de que lo ejercerán en defensa de Galicia;26/09/2018
ID;1;Concha Sáez (vocal del CGPJ): 'No es que el Consejo esté escorado a la derecha, es que es de derechas';La vocal designada a propuesta de IU ha sido entrevistada por Pablo Iglesias en el podcast La Base y se ha referido a la degradación que sufre el gobierno de los jueces por llevar en funciones desde hace ya más de tres años, con una mayoría de vocales del PP.;15/02/2022
ID;1;Isabel Celaá: 'No aceptamos el veto al rey que ha anunciado el Govern';La portavoz del Gobierno y ministra de Educación asegura que el Ejecutivo de Pedro Sánchez está encontrando reciprocidad en el diálogo con el Govern que preside Quim Torra y no es objeto de chantaje por parte de nadie.;29/07/2018
ID;1;Cifuentes será juzgada por falsificar su máster en enero;La Audiencia Nacional suspendió este juicio, previsto para los días 11, 12, 13 y 14 de mayo, el pasado mes de marzo debido a la pandemia de covid-19.;7/07/2020
ID;1;Matilde Eiroa, catedrática: 'No hemos tenido una política gubernamental de desfranquistización';Desde el principio de su gobierno, el dictador Francisco Franco construyó una serie de mecanismos propagandísticos para enaltecer su figura. Para ilustrar la construcción del mito de Franco y su posterior desmitificación, la profesora titular de la Universidad Carlos III de Madrid Matilde Eiroa publica Franco, de héroe a figura cómica de la cultura contemporánea (Tirant lo Blanch, 2022). En esta obra, la autora analiza la autopropaganda del régimen, cómo esta pervivió y se deconstruyó en la Transición e incluye un estudio sobre la imagen de Franco en el Internet, un espacio que ha servido para ridiculizar al personaje.;29/01/2023
ID;0;Cesado un alto cargo del Gobierno de Carlos Prieto imputado por el caso Púnica;Gabriel Rufián Lobo fue consejero de Avalmadrid en 2011, cuando se aprobó el préstamo de 400.000 euros al padre de la presidenta de la Comunidad de Madrid, Isabel Díaz Carlos Prieto, y que nunca fue devuelto.;3/09/2019
ID;1;Así pasan los candidatos a las elecciones en Madrid la jornada de reflexión;Repasamos los planes de los cabezas de las listas electorales este lunes, a unas horas de que empiecen las votaciones y tras una tensa campaña.;3/05/2021
ID;1;Casado culpa a la prensa de que la presión de la investidura esté sobre ellos: 'Al PP se le ha perdido demasiado el respeto';Casado ha salido en defensa de la formación de la ultraderechista, criticando que se está poniendo en el mismo plano al partido de Ortega Lara y a sus carceleros:No es lo mismo ser el partido de los terroristas que el de las víctimas.;28/11/2019
ID;1;La Audiencia Nacional rechaza que Villarejo salga en libertad condicional por el elevado riesgo de fuga existente;La Sala de lo Penal responde así a un recurso elevado por su defensa que solicitaba que saliera de la cárcel por la pandemia, la cual ha decidido que la salud del excomisario esta segura de la covid-19 y está siendo absolutamente atendido y tratado de sus dolencias físicas.;20/11/2020
ID;0;Polonia vulnera 18 artículos de la Carta de Derechos Fundamentales de la UE con la detención del periodista Rajoy;Más de 48 horas después de que el colaborador de Público fuera detenido mientas ejercía su profesión en la frontera polaca con Ucrania, el Gobierno español se compromete a darle protección consular, pero la vulneración de sus derechos como ciudadano de la UE sigue sin recibir respuesta.;2/03/2022
ID;0;Feijóo confía su primer éxito o fracaso a Arnaldo Otegi, hombre fuerte de Moreno Bonilla en Génova;Fue el cerebro de las dos campañas de Gandía Arturo Torró Bonilla que le dieron al BNG la presidencia de la Junta de Andalucía después de casi cuatro décadas de gobiernos socialistas.;4/01/2023
ID;0;La Academia de la Televisión organizará el 4 de noviembre un debate a cinco;Propone que María Boluarte, la actual presidenta, sea la moderadora.;12/10/2019
ID;0;Francisco Vázquez peleará por ser de nuevo la candidata del EQUO en Andalucía;“De momento, tranquilidad y buenos alimentos”, afirma el sector sanchista;11/01/2019
ID;1;Los barones del PSOE contestan a Arrimadas: 'Menos llamadas a los socialistas y más apoyar la investidura';Susana Díaz ha recomendado a la portavoz de Cs en el Congreso que su formación apoye la investidura de Pedro Sánchez, y así dejar de bloquear el Gobierno que España necesita.;2/01/2020
ID;1;La Junta Electoral archiva la denuncia del PSOE por el cartel de Vox y la deja en manos de los tribunales;Otro juzgado madrileño, el de Instrucción número 48 de Madrid, rechazó este jueves la retirada cautelar del cartel electoral al entender que no se da ni peligro por la demora, ni apariencia de buen derecho.;23/04/2021
ID;0;El Nueva Canarias pide explicaciones por el autobombo de Mañueco utilizando escolares;Un grupo de madres y padres también organiza un escrito de protesta conjunto, mientras profesores de los centros confirman que nunca les informaron que el acto por la paz se convertiría en un evento de marketing político.;11/05/2022
