Titulo;Descripcion;Label
Nuevo avance en inteligencia artificial;Investigadores han desarrollado nuevas herramientas basadas en IA para mejorar los diagnÃ³sticos mÃ©dicos.;1
El impacto de la tecnologÃ­a en la educaciÃ³n;La tecnologÃ­a ha permitido que la educaciÃ³n sea mÃ¡s accesible y personalizada.;0
La sostenibilidad en las empresas;Las empresas estÃ¡n adoptando prÃ¡cticas mÃ¡s sostenibles para reducir su impacto ambiental.;1
Avances en el uso de la energía solar;Investigadores han encontrado nuevas formas de aprovechar la energía solar, lo que podría reducir la dependencia de combustibles fósiles.;1
El futuro del transporte eléctrico;El aumento de los vehículos eléctricos está revolucionando el transporte, con avances tecnológicos que hacen que estos vehículos sean más accesibles.;1
La inteligencia artificial en la medicina;La inteligencia artificial está ayudando a los médicos a diagnosticar enfermedades de manera más rápida y precisa, mejorando el cuidado de los pacientes.;1
Desafíos de la educación online;A medida que más instituciones educativas adoptan el aprendizaje a distancia, surgen nuevos retos relacionados con la accesibilidad y la calidad educativa.;0
El impacto del cambio climático en los océanos;El aumento de la temperatura global está afectando gravemente a los ecosistemas marinos, poniendo en peligro diversas especies.;1
Cómo la tecnología está transformando la agricultura;La incorporación de nuevas tecnologías en la agricultura ha permitido a los agricultores mejorar la eficiencia y reducir el impacto ambiental.;1
El crecimiento de las energías renovables en el mundo;Las energías renovables están ganando terreno en todo el mundo, con más países adoptando políticas para reducir su huella de carbono.;1
